andar,anunciante,anuncio,area,atualizacao,bairro,banheiro,caracteristica,cep,codigo,condominio,data,descricao,endereco,imagem,imagemlista,latitude,longitude,municipio,preco,quarto,siteorigem,suite,telefone,tipologia,titulo,uf,url,urlmapa,vaga
,Acão Imobiliaria,,,,Tarumã,,,,2462768382,,2020-03-26," VENDO LOTE RESIDENCIAL EM CONDOMÍNIO FECHADO DE EXCELENTE PADRÃO METRAGEM MÍNIMA DE 1500M2 VALOR DO M2 R$ 620,00 CONTATO: EDMUNDO PINTO ",,,https://resizedimgs.vivareal.com/fit-in/870x653/vr.images.sp/3215d7d488d2076258476d3609ebcd86.jpg; https://resizedimgs.vivareal.com/fit-in/870x653/vr.images.sp/e872f8362735c90b7f092d57cb117a6d.jpg,-3.027446,-60.066226,Manaus,800000,1,Viva Real,,7/2/9/5/3/4/1,Venda ,LOTE RESIDENCIAL EM CONDOMÍNIO,AM,http://www.vivareal.com.br/imovel/lote-terreno-1-quartos-taruma-bairros-manaus-venda-RS800000-id-2462768382/,"https://www.google.com/maps/search/?api=1&query=-3.027446,-60.066226",
,Francisca Nascimento Galvão,,456,,Ponta Negra,,,,94067521,,2020-03-26," Belíssimo Lote em Alphaville 2 bairro de Ponta Negra Vendo Belíssimo lote no condomínio Alphaville 2, Excelente para construir sua belíssima casa de alto padrão, em frente a reserva florestal. 2 lotes lado a lado 200mil cada um . Francisca Galvão corretora de imoveis ","Avenida José Augusto Loureiro, 2",,https://resizedimgs.vivareal.com/fit-in/870x653/vr.images.sp/c0bb0ea36e27f656bbc4e6422c196ed9.jpg; https://resizedimgs.vivareal.com/fit-in/870x653/vr.images.sp/d9047be235436bf3cadea4a340c32b01.jpg,-3.053846,-60.092182,Manaus,200000,,Viva Real,,7/2/9/3/8/4/1,Venda ,Alphaville 2 em ponta negra disponível pra venda,AM,http://www.vivareal.com.br/imovel/lote-terreno-ponta-negra-bairros-manaus-456m2-venda-RS200000-id-94067521/,"https://www.google.com/maps/search/?api=1&query=-3.053846,-60.092182",
,Acão Imobiliaria,,905,,Ponta Negra,,,,2462767149,,2020-03-26," Vendo Terreno Condomínio Marina Rio Belo – Margem do Rio Negro na 2ª etapa Metragem: 905m² Plano e limpo Valor de R$: 210 mil Aceita Carro e Apartamento como Parte do Negócio. Aceita Financiamento Bancário Todo Documentado e Legalizado Vídeo: https://www.youtube.com/watch?v=memVffCJvqk Endereço: Ponta Negra, Manaus - AM, 69037-155 Mais Informações: 9 2 - 9 8 1 0 1 - 3 5 5 3 ",,,https://resizedimgs.vivareal.com/fit-in/870x653/vr.images.sp/64bad4588fd109abdf4c9cc7e01d4096.jpg; https://resizedimgs.vivareal.com/fit-in/870x653/vr.images.sp/6054bf64b2d3d6a432335e7600347f20.jpg,-3.039216,-60.094749,Manaus,210000,,Viva Real,,7/2/9/5/3/4/1,Venda ,Vendo Terreno Condomínio Marina Rio Belo – Margem do Rio Negro,AM,http://www.vivareal.com.br/imovel/lote-terreno-ponta-negra-bairros-manaus-905m2-venda-RS210000-id-2462767149/,"https://www.google.com/maps/search/?api=1&query=-3.039216,-60.094749",
,GAVEA ADMINISTRADORA DE IMOVEIS - MANAUS,,600,,Ponta Negra,,,,2479231140,,2020-03-26," Terreno 20 x 30 , 600 m2 murado em blocos , terreno plano na segunda rua do condomínio, nascente do tarumã , caída de terreno pra frente , n alaga , todo documentado , sem dívidas.Área total: 600,00m² agende sua visita com nosso assessor 26/03 ",,,https://resizedimgs.vivareal.com/fit-in/870x653/vr.images.sp/8d08c86a4c78e036bd9a09f96c373d95.jpg; https://resizedimgs.vivareal.com/fit-in/870x653/vr.images.sp/1cbe739bc0fe0245078a6856fde38eb1.jpg,-3.070468,-60.092275,Manaus,400000,,Viva Real,,2/5/9/0/4,Venda ,MANAUS - Terreno Padrão - PONTA NEGRA,AM,http://www.vivareal.com.br/imovel/lote-terreno-ponta-negra-bairros-manaus-600m2-venda-RS400000-id-2479231140/,"https://www.google.com/maps/search/?api=1&query=-3.070468,-60.092275",
,Acão Imobiliaria,,746,,Ponta Negra,,,,2443301280,,2020-03-26," Vendo Lote de 746 m², próximo da área de lazer. Condomínio Marina Rio Belo Valor R$ 330 mil Aberto a proposta Aceita Financiamento Bancário Agende sua Visita! Informações: Ana Nilce Mendes: 9 2 9 8 4 4 8 - 4 8 0 2 CRECI 5317 ",,,https://resizedimgs.vivareal.com/fit-in/870x653/vr.images.sp/9b2977398243a3cc5b34c20c0837cd1c.jpg; https://resizedimgs.vivareal.com/fit-in/870x653/vr.images.sp/e6c9b7640837cbadbef21d8609275da2.jpg,-3.037554,-60.08132,Manaus,330000,,Viva Real,,7/2/9/5/3/4/1,Venda ,Vendo lote no Condomínio Residencial Marina Rio Belo,AM,http://www.vivareal.com.br/imovel/lote-terreno-ponta-negra-bairros-manaus-746m2-venda-RS330000-id-2443301280/,"https://www.google.com/maps/search/?api=1&query=-3.037554,-60.08132",
,Wendel Alves de Andrade,,200,,Planalto,8,,,2468811392,,2020-03-26," A casa no bairro Planalto com 200 metros quadrados com 4 quartos e 3 banheiros, podendo ser residencial ou comercial, ao lado da avenida desembargador João Machado, facil localização, ótimo para consultório, escritório jurídico, contabilidade em fim. ","Rua Lisboa, 100",,https://resizedimgs.vivareal.com/fit-in/870x653/vr.images.sp/0983dad1c0d62781e69cae6e4248a576.jpg; https://resizedimgs.vivareal.com/fit-in/870x653/vr.images.sp/a1ee9e14babe0ac2154c547534790509.jpg,-3.070288,-60.050862,Manaus,700000,1,Viva Real,,7/2/5/9/3/8/4/1,Casa para venda tem 200 metros quadrados,Casa para venda tem 200 metros quadrados com 4 quartos em Planalto - Manaus - AM,AM,http://www.vivareal.com.br/imovel/lote-terreno-1-quartos-planalto-bairros-manaus-com-garagem-200m2-venda-RS700000-id-2468811392/,"https://www.google.com/maps/search/?api=1&query=-3.070288,-60.050862",
,Acão Imobiliaria,,250,,Ponta Negra,,,,2443299096,,2020-03-26," Vendo Lote na Ponta Negra – Mosaico Vendo Lote na Ponta Negra – Mosaico A partir de 250m² Viva a experiência de morar na melhor localização de Manaus! Tudo o que você precisa para viver bem com sua Família. A partir de R$ 135mil (valor no mês de Março/2019) Obras Aceleradas! Entrega: Pavimentação: Março 2019   Área de Lazer DEZ/2019 Habite-se em andamento, portanto logo poderá ser feito Financiamento Bancário. Agende uma visita sem compromisso. Endereço: AV. Perimetral Thales Loureiros, s/n, Ponta Negra, Manaus – AM - Mais Informações: Kátia Araújo – Creci: 4331 – ",,,https://resizedimgs.vivareal.com/fit-in/870x653/vr.images.sp/48d215d990233e64a3d4818018daf6c9.jpg; https://resizedimgs.vivareal.com/fit-in/870x653/vr.images.sp/d6214ee591d663eb83bfc9a661bd7577.jpg,-3.051423,-60.078308,Manaus,145900,1,Viva Real,,7/2/9/5/3/4/1,Venda ,Vendo Lote na Ponta Negra – Mosaico,AM,http://www.vivareal.com.br/imovel/lote-terreno-1-quartos-ponta-negra-bairros-manaus-250m2-venda-RS145900-id-2443299096/,"https://www.google.com/maps/search/?api=1&query=-3.051423,-60.078308",
,CAMPÊLO IMÓVEIS,,20000,,Puraquequara,,,,1041759650,,2020-03-26," Terreno no Puraquequara - 20.000,00 m² - Disponível para VENDA Área bem localizada, com 20.000m² de fácil acesso, excelente para empresas de médio e grande porte. Imóvel documentado. Veja o vídeo do terreno - https://www.youtube.com/watch?v=z7OiSo3DL6I Analisamos propostas, entre em contato! Renato Campelo ","Rua Puraquequara, 5839",,https://resizedimgs.vivareal.com/fit-in/870x653/vr.images.sp/2552bf4eb495ffdf2ba8abb48867e4fd.jpg; https://resizedimgs.vivareal.com/fit-in/870x653/vr.images.sp/341da80103f25cf648f6a95f92be96ab.jpg,-3.061539,-59.877377,Manaus,1200000,,Viva Real,,7/2/5/9/8/1,Venda ,"Terreno no Puraquequara - 20.000,00 m² - Distrito Industrial",AM,http://www.vivareal.com.br/imovel/lote-terreno-puraquequara-bairros-manaus-20000m2-venda-RS1200000-id-1041759650/,"https://www.google.com/maps/search/?api=1&query=-3.061539,-59.877377",
,Juarez de Souza Cruz Junior,,33408,,Flores,,,,2442518780,,2020-03-26, Lindo terreno para area comercial e residencial. Próximo de tudo e de vários condomínios e comercio variado.  ,Rua Marquês de Quixeramobim,,,-3.060527,-59.997266,Manaus,10000000,,Viva Real,,7/2/9/3/1,Venda ,Terreno 33.408 m2 Pq das Laranjeiras,AM,http://www.vivareal.com.br/imovel/lote-terreno-flores-bairros-manaus-33408m2-venda-RS10000000-id-2442518780/,"https://www.google.com/maps/search/?api=1&query=-3.060527,-59.997266",
,On Brokers Soluções Imobiliárias,,372,,Ponta Negra,,,,2455952164,,2020-03-26," Lote E 4- 11 com 372, 94 metros quadrados. Aproveite e invista em um ótimo lugar para morar. ","Avenida José Augusto Loureiro, 04",,https://resizedimgs.vivareal.com/fit-in/870x653/vr.images.sp/87d61c25270b6557faa6de338892f029.jpg; https://resizedimgs.vivareal.com/fit-in/870x653/vr.images.sp/6be9e9e8bd42b7fb34240879b37c19a1.jpg,-3.053845,-60.092181,Manaus,130000,,Viva Real,,2/9/3/8/4/1,Venda ,Alphaville 4 em Ponta Negra,AM,http://www.vivareal.com.br/imovel/lote-terreno-ponta-negra-bairros-manaus-372m2-venda-RS130000-id-2455952164/,"https://www.google.com/maps/search/?api=1&query=-3.053845,-60.092181",
,Acão Imobiliaria,,15000,,Distrito Industrial I,,,,2442390582,,2020-03-26," Terreno na BR 174 - DISTRITO 3, disponível para venda ou locação!! 15mil m² com galpão inacabado 36 x 46 Distrito 3 , serve como futura Indústria, Transportadora e Distribuidora. Documentação completa!! Apto para financiamento!! Documentação: Escritura e Registro de Imóveis Aceita-se permuta como parte de pagamento ",,,https://resizedimgs.vivareal.com/fit-in/870x653/vr.images.sp/30112e01abdc5734d2e4fd6ed6007cf7.jpg; https://resizedimgs.vivareal.com/fit-in/870x653/vr.images.sp/2940355ca3a3d7dd754751ce4dbff0b5.jpg,-3.131064,-59.94529,Manaus,1800000,1,Viva Real,,7/2/9/5/3/4/1,Venda ,"Terreno na BR 174 - DISTRITO 3, disponível para venda ou locação!!",AM,http://www.vivareal.com.br/imovel/lote-terreno-1-quartos-distrito-industrial-i-bairros-manaus-15000m2-venda-RS1800000-id-2442390582/,"https://www.google.com/maps/search/?api=1&query=-3.131064,-59.94529",
,Arlington Deyvi Souza Alves,,1600,,Flores,,,,2461151280,,2020-03-26," Vendo terreno na Avenida das Torres com 80 metros de frente por 20 metros de fundo. Terreno vai de uma esquina a outra, todo documentado, excelente para clínicas, postos de gasolina, empresas em geral. otimo fluxo de pessoas e carro, muito bom para estacionar Agende sua visita Maiores informações Arlington Alves ","Rua Barão de Surui, 1345",,https://resizedimgs.vivareal.com/fit-in/870x653/vr.images.sp/ea04b1d4f45d7c9bff5308c6883a38f0.jpg; https://resizedimgs.vivareal.com/fit-in/870x653/vr.images.sp/a9b87b1e3832ccbd9f43fef7742dc577.jpg,-3.048282,-59.985924,Manaus,2500000,,Viva Real,,7/2/6/9/3/8/4,Vendo terreno na avenida das torres,Vendo terreno na Avenida das Torres com 1600m2 - 80 metros de frente por 20 metros de fundo,AM,http://www.vivareal.com.br/imovel/lote-terreno-flores-bairros-manaus-1600m2-venda-RS2500000-id-2461151280/,"https://www.google.com/maps/search/?api=1&query=-3.048282,-59.985924",
,RE/MAX DOZE,,200,,Betânia,,,,2466973933,,2020-03-26," Encontrar terrenos bem localizados para comércio em Manaus está cada dia mais difícil. Aproveite essa oportunidade. Terreno à venda, 8X25, em área essencialmente comercial, na Rua Adalberto Vale, Betania, próximo ao Baratão da Carne, postos de gasolina, e outros comércios. Documentado, aceita financiamento. - ",Rua Adalberto Vale,,https://resizedimgs.vivareal.com/fit-in/870x653/vr.images.sp/c0306d425e3311918c7a0bdddee8695a.jpg; https://resizedimgs.vivareal.com/fit-in/870x653/vr.images.sp/de69fc0cd0a99570aad2b42f10161731.jpg,-3.133672,-59.995286,Manaus,300000,,Viva Real,,2/9/3/0/8/4/1,Terreno,"Terreno à venda, 200 m² por R$ 300.000,00 - Betânia - Manaus/AM",AM,http://www.vivareal.com.br/imovel/lote-terreno-betania-bairros-manaus-200m2-venda-RS300000-id-2466973933/,"https://www.google.com/maps/search/?api=1&query=-3.133672,-59.995286",
,Acão Imobiliaria,,200,,Tarumã,,,,2476895775,,2020-03-26," O Residencial Villa Suíça trás a você uma nova forma de urbanização, Um lugar onde você terá liberdade para construir sua casa da forma que você sempre sonhou. Venha comprar seu lote e construir sua casa. Loteamento com toda estrutura. Local tranquilo e seguro Segurança 24 horas Lote medindo 200 m² ( 8 x 25 m ) Valor: R$ 56,000,00 a vista Agende sua visita! Informações: Ana Grayce Carvalho ( 9 2 ) 9 8 4 2 2 - 0 5 8 2 ",,,https://resizedimgs.vivareal.com/fit-in/870x653/vr.images.sp/fe525c4165b06872d0a4fdbb9eca6c5f.jpg; https://resizedimgs.vivareal.com/fit-in/870x653/vr.images.sp/15957ce6aa00f4c4b7b4403debb903be.jpg,-3.021623,-60.057572,Manaus,56000,1,Viva Real,,7/2/9/5/3/4/1,Venda ,Vendo lote no Residencial Villa suíça,AM,http://www.vivareal.com.br/imovel/lote-terreno-1-quartos-taruma-bairros-manaus-200m2-venda-RS56000-id-2476895775/,"https://www.google.com/maps/search/?api=1&query=-3.021623,-60.057572",
,Acão Imobiliaria,,100,,Tarumã-Açu,,,,2443299491,,2020-03-26," Vendo 2 lotes de 100 m² cada um, próximo ao Residencial Vertentes do Tarumã. Valor de cada lote R$ 120.000,00 Aberto a proposta. Informações: Ana Nilce Mendes 9 2 9 8 4 4 8 - 4 8 0 2 ",,,https://resizedimgs.vivareal.com/fit-in/870x653/vr.images.sp/4c8ab5d9eb7b959d5000fe4bc888e8d4.jpg; https://resizedimgs.vivareal.com/fit-in/870x653/vr.images.sp/07ef0484140dd8b69553c4e4b431cfd3.jpg,-2.986006,-60.078748,Manaus,120000,,Viva Real,,7/2/9/5/3/4/1,Venda ,Vendo Lote - Tarumã,AM,http://www.vivareal.com.br/imovel/lote-terreno-taruma-acu-bairros-manaus-100m2-venda-RS120000-id-2443299491/,"https://www.google.com/maps/search/?api=1&query=-2.986006,-60.078748",
,ALEXANDRE AUGUSTO MENDONÇA IMOVEIS,,145,,Mauazinho,,,,2460269393,,2020-03-26, terreno com 145.000 m2 - 44.000 m2 de terraplanagem já executada - valor de avaliação 12 milhões - valor de venda 7 milhões - terreno todo cercado - documentação com Registro de Imóveis - pronto para construir ,,,https://resizedimgs.vivareal.com/fit-in/870x653/vr.images.sp/e0a7ac4755586537984dd2ee9410dd6b.jpg; https://resizedimgs.vivareal.com/fit-in/870x653/vr.images.sp/a397a4a7e639cb2a9552b61137a68160.jpg,-3.122515,-59.939254,Manaus,7000000,,Viva Real,,7/2/9/3/0/8/1,Venda ,Terreno Industrial no Distrito Industrial Próximo a Samsung,AM,http://www.vivareal.com.br/imovel/lote-terreno-mauazinho-bairros-manaus-145m2-venda-RS7000000-id-2460269393/,"https://www.google.com/maps/search/?api=1&query=-3.122515,-59.939254",
,Acão Imobiliaria,,383,,Ponta Negra,,,,2473802594,,2020-03-26," Vendo Lote Condomínio Reserva do Parque 383m² Terreno limpo e plano Na Rua da Área de Lazer Condomínio: R$ 177,00 (até o dia do vencimento). Valor venda: R$ 95 mil Aceita Financiamento Bancário Mais Informações: 9 2 – 9 8 1 0 1 - 3 5 5 3 ",,,https://resizedimgs.vivareal.com/fit-in/870x653/vr.images.sp/6442a335196395c461a85e443b8fd6d4.jpg; https://resizedimgs.vivareal.com/fit-in/870x653/vr.images.sp/24cc3486eb83b606474c3cfa883e4ca0.jpg,-3.051423,-60.078308,Manaus,95000,,Viva Real,,7/2/9/5/3/4/1,Venda ,Vendo Lote Condomínio Reserva do Parque,AM,http://www.vivareal.com.br/imovel/lote-terreno-ponta-negra-bairros-manaus-383m2-venda-RS95000-id-2473802594/,"https://www.google.com/maps/search/?api=1&query=-3.051423,-60.078308",
,GAVEA ADMINISTRADORA DE IMOVEIS - MANAUS,,1800,,Parque 10 de Novembro,,,,2479232599,,2020-03-26," Oportunidade imperdível de terreno para vender com ótima localização no melhor do bairro Parque 10 de Novembro! terreno de 1800m2 localizado no parque dez praticamente na avenida das torres.Terreno documentadoValor: 850.000,00 - Área total: 1.800,00m² 26/03 ",,,https://resizedimgs.vivareal.com/fit-in/870x653/vr.images.sp/ebd3692215817a889f8c1d50b840a36c.jpg; https://resizedimgs.vivareal.com/fit-in/870x653/vr.images.sp/1eb6de2353fd030dc55f986dcc884a73.jpg,-3.077074,-59.995015,Manaus,850000,,Viva Real,,2/5/9/0/4,Venda ,MANAUS - Terreno Padrão - PQ 10 DE NOVEMBRO,AM,http://www.vivareal.com.br/imovel/lote-terreno-parque-dez-de-novembro-bairros-manaus-1800m2-venda-RS850000-id-2479232599/,"https://www.google.com/maps/search/?api=1&query=-3.077074,-59.995015",
,Marcelo Lacerda - Corretor de Imóveis,,80000,,Distrito Industrial I,,,,2460761048,,2020-03-26, TERRENO para Venda DISTRITO INDUSTRIAL I Estrada do Brasileirinho Terreno plaino Murado Piscina Terreno medindo 160x500 = 80.000m²  ,,,https://resizedimgs.vivareal.com/fit-in/870x653/vr.images.sp/792fa6cea5953dfa779b68686e9614c0.jpg; https://resizedimgs.vivareal.com/fit-in/870x653/vr.images.sp/f513098158192be571913805cc302383.jpg,-3.020536,-59.874351,Manaus,5000000,,Viva Real,,2/5/9/3/8/4,Venda ,TERRENO para Venda DISTRITO INDUSTRIAL I - João Paulo,AM,http://www.vivareal.com.br/imovel/lote-terreno-distrito-industrial-i-bairros-manaus-80000m2-venda-RS5000000-id-2460761048/,"https://www.google.com/maps/search/?api=1&query=-3.020536,-59.874351",
,Juarez de Souza Cruz Junior,,575,,Nossa Senhora das Gracas,,,,2466334481,,2020-03-26," Terreno comercial para Venda na Av. Djalma Batista em frente ao Amazonas Shopping. Fica na entrada do condomínio Beverly Hills na alça no sentido bairro centro. Chapada, Manaus 575,00 m² total  ",Avenida Djalma Batista,,https://resizedimgs.vivareal.com/fit-in/870x653/vr.images.sp/eceed17f78d75c466f933404023ca64a.jpg; https://resizedimgs.vivareal.com/fit-in/870x653/vr.images.sp/3c83b29df189a7ee1c4ce6c3bfd9444d.jpg,-3.07476,-60.02477,Manaus,1800000,,Viva Real,,7/2/9/3/1,Venda ,"TERRENO COMERCIAL em MANAUS - AM, CHAPADA",AM,http://www.vivareal.com.br/imovel/lote-terreno-chapada-bairros-manaus-575m2-venda-RS1800000-id-2466334481/,"https://www.google.com/maps/search/?api=1&query=-3.07476,-60.02477",
,Arlington Deyvi Souza Alves,,800,,Flores,,,,2461150773,,2020-03-26," Vendo terreno na Avenida das Torres com 800m2, 40 de frente por 20 metros de fundo Todo documentado, com projeto aprovado na prefeitura. Agende sua visita Maiores informações Arlington Alves ","Rua Barão de Surui, 1345",,https://resizedimgs.vivareal.com/fit-in/870x653/vr.images.sp/9c484c1dc1a0cc9c5b769c0388b7265c.jpg; https://resizedimgs.vivareal.com/fit-in/870x653/vr.images.sp/344da34395d4bc486c615c850e45c676.jpg,-3.048282,-59.985924,Manaus,1000000,,Viva Real,,7/2/6/9/3/8/4,Venda ,Lote/Terreno para venda tem 800 metros quadrados em Flores - Manaus - AM,AM,http://www.vivareal.com.br/imovel/lote-terreno-flores-bairros-manaus-800m2-venda-RS1000000-id-2461150773/,"https://www.google.com/maps/search/?api=1&query=-3.048282,-59.985924",
,Juarez de Souza Cruz Junior,,100000,,,,,,2454052105,,2020-03-26," Lote frente para o Rio Amazonas medindo 100x1.000= 100.000 m2, calado fundo o ano todo. Com energia e telefone no local. Preço abaixo do mercado.  ",,,https://resizedimgs.vivareal.com/fit-in/870x653/vr.images.sp/79261b1fd92ef77c40b9048375e264dc.jpg; https://resizedimgs.vivareal.com/fit-in/870x653/vr.images.sp/1578fbe3c54ef10436f87b421277eb03.jpg,-3.062795,-59.87674,Rua Puraquequara - Manaus,3500000,,Viva Real,,7/2/9/3/1,Venda ,"TERRENO COMERCIAL em MANAUS - AM, PURAQUEQUARA",AM,http://www.vivareal.com.br/imovel/lote-terreno-puraquequara-bairros-manaus-100000m2-venda-RS3500000-id-2454052105/,"https://www.google.com/maps/search/?api=1&query=-3.062795,-59.87674",
,Acão Imobiliaria,,722,,Ponta Negra,,,,2452642129,,2020-03-26, - Lote com 722 m² - Área de lazer completa - Valor do lote R$ 330 Mil - Aceita Financiamento - Aceita FGTS - Informações: Ana Mendes 9 2 9 8 4 4 8 - 4 8 0 2 ,,,https://resizedimgs.vivareal.com/fit-in/870x653/vr.images.sp/ec32e81a9394f9f583bacc2c0e86b89b.jpg; https://resizedimgs.vivareal.com/fit-in/870x653/vr.images.sp/f1e65e0d5f72c9a95c6a941a33d8c264.jpg,-3.039216,-60.094749,Manaus,330000,1,Viva Real,,7/2/9/5/3/4/1,Venda ,Vendo Lote Condomínio Marina Rio Belo - Ponta Negra,AM,http://www.vivareal.com.br/imovel/lote-terreno-1-quartos-ponta-negra-bairros-manaus-722m2-venda-RS330000-id-2452642129/,"https://www.google.com/maps/search/?api=1&query=-3.039216,-60.094749",
,Iara Silvia Rodrigues dos Santos,,290000,,Lago Azul,,,,2466128892,,2020-03-26," VENDO Localizado Km 36 na pista, Rodovia AM 010 apenas 04 minutos de Manaus, pronto pra implantar indústria ou grandes empresas, todo documentando. Valor por m2 = 14,00. 290.0000. M2 Informações: CRECI 3423 PF. ","Rua Alpinias, 36",,https://resizedimgs.vivareal.com/fit-in/870x653/vr.images.sp/a41867403a192f90054b67c2ea43a6f1.jpg,-2.968589,-60.014345,Manaus,4060000,,Viva Real,,2/6/9/5/0/8/1,Venda ,Grandes áreas na AM 010 KM 36 na principal,AM,http://www.vivareal.com.br/imovel/lote-terreno-lago-azul-bairros-manaus-290000m2-venda-RS4060000-id-2466128892/,"https://www.google.com/maps/search/?api=1&query=-2.968589,-60.014345",
,On Brokers Soluções Imobiliárias,,143000,,Puraquequara,,,,2432425511,,2020-03-26," Localização privilegiada favorável para Porto.  Imóvel devidamente documentado, com título definitivo em nome do proprietário. Preço de R$ 50,00 o m² nesta área, bem abaixo do que está sendo praticado no local que é equivalente a R$ 80,00 o m² em terreno nessas condições. Queremos ouvir sua proposta, conheça o local, a área e suas vantagens devido a localização e o porto, e faça sua contraproposta. Estamos aberto a negociação, imóvel avaliado em R$ 7.200.000,00 (sete milhões e duzentos mil Reais). INTERESSADOS LIGUEM ","Avenida Puraquequara, 1140",,https://resizedimgs.vivareal.com/fit-in/870x653/vr.images.sp/cf56bff2fc267e370d13891b8941605f.jpg,-3.05866,-59.845318,Manaus,7200000,,Viva Real,,2/9/3/8/4/1,Terreno no distrito industrial ii (puraquequara),Terreno no Distrito Industrial II (Puraquequara) com Porto,AM,http://www.vivareal.com.br/imovel/lote-terreno-puraquequara-bairros-manaus-143000m2-venda-RS7200000-id-2432425511/,"https://www.google.com/maps/search/?api=1&query=-3.05866,-59.845318",
,GAVEA ADMINISTRADORA DE IMOVEIS - MANAUS,,600,,Compensa,,,,2479149706,,2020-03-26," Terreno localizado no condominio ponta negra I, documentação em dia, aceitamos financiamento, 600m2. Fale com nosso assessor. 26/03 ",,,https://resizedimgs.vivareal.com/fit-in/870x653/vr.images.sp/25414d877bdc44c0dc60c1fee04641e0.jpg,-3.076373,-60.083294,Manaus,250000,,Viva Real,,2/5/9/0/4,Venda ,MANAUS - Terreno Padrão - PONTA NEGRA,AM,http://www.vivareal.com.br/imovel/lote-terreno-ponta-negra-bairros-manaus-600m2-venda-RS250000-id-2479149706/,"https://www.google.com/maps/search/?api=1&query=-3.076373,-60.083294",
,Acão Imobiliaria,,15000,,,,,,2475390273,,2020-03-26," Terreno com 15.000 m² com galpão inacabado de 1.653 m² Ideal para Indústria, Transportadora, Distribuidora etc. Localizado na BR- 175, KM 15 - Distrito Industrial 3 Valor da Venda: R$2.100.000,00 Aceita Proposta Informações: Ana Nilce Mendes 9 2 9 8 4 4 8 - 4 8 0 2 ",,,https://resizedimgs.vivareal.com/fit-in/870x653/vr.images.sp/6986ccef62f9748e63846df61e8f54b4.jpg; https://resizedimgs.vivareal.com/fit-in/870x653/vr.images.sp/843e8f96d560291ad24723271f752939.jpg,-3.119028,-60.021731,Manaus,2100000,,Viva Real,,7/2/9/5/3/4/1,Venda ,Vendo Terreno - BR 174 - KM 15,AM,http://www.vivareal.com.br/imovel/lote-terreno-manaus-15000m2-venda-RS2100000-id-2475390273/,"https://www.google.com/maps/search/?api=1&query=-3.119028,-60.021731",
,MOYSES DE OLIVEIRA BENCHIMOL,,3696,,Ponta Negra,,,,70709377,,2020-03-26," - Preço: R$ 380.000,00 ","Avenida do Turismo, 111",,https://resizedimgs.vivareal.com/fit-in/870x653/vr.images.sp/8288d8650d98e7184c93777d3d185d3a.jpg; https://resizedimgs.vivareal.com/fit-in/870x653/vr.images.sp/0e032e18bab114cd995e83be14ac0b15.jpg,-3.068138,-60.093916,Manaus,380000,,Viva Real,,2/6/5/9/3/1,Venda ,Lote Terreno de 3696m² em av.do turismo - Manaus,AM,http://www.vivareal.com.br/imovel/lote-terreno-ponta-negra-bairros-manaus-3696m2-venda-RS380000-id-70709377/,"https://www.google.com/maps/search/?api=1&query=-3.068138,-60.093916",
,Acão Imobiliaria,,800,,Tarumã-Açu,,,,2462767692,,2020-03-26," VENDO Lindo lote em condomínio fechado No Belvedere dos Pássaros na Avenida do Turismo Condomínio PRAIA DOS PASSARINHOS Medindo 20 x 40 m2. Possui churrasqueira Piscina Adulto e infantil. Salão de festas, academia e outros itens de lazer para Sua melhor comodidade. Com vista para o RIO NEGRO. Mais informações pelo ( 9 2 ) 9 8 1 9 9 - 7 6 0 0 REGEANE GUSMÃO AGENDE JÁ A SUA VISITA!!!!! ",,,https://resizedimgs.vivareal.com/fit-in/870x653/vr.images.sp/7e42aa33d80856e1264dc97c403851a3.jpg; https://resizedimgs.vivareal.com/fit-in/870x653/vr.images.sp/372044d5c596dd9336b3047f5a7ab5c8.jpg,-2.979825,-60.02161,Manaus,250000,,Viva Real,,7/2/9/5/3/4/1,Venda ,Vendo um lote no Condomínio Praia dos Passarinhos,AM,http://www.vivareal.com.br/imovel/lote-terreno-taruma-acu-bairros-manaus-800m2-venda-RS250000-id-2462767692/,"https://www.google.com/maps/search/?api=1&query=-2.979825,-60.02161",
,Iara Silvia Rodrigues dos Santos,,5000,,Mauazinho,,,,2452438911,,2020-03-26," No Distrito Industrial II Após a bola da Samsung, próximo à Avenida dos Oitis, várias empresas próximas, um terreno, medindo 5.000 m², documentado e desmembrado, ideal para empresa de grande porte, área próxima de vários galpões, com acessos fáceis, asfaltado. Valor R$ 500 mil. (Flexivel) CRECI: 3423 PF. Mais informações em www.iarasantoscorretora.com ",Avenida dos Oitis,,https://resizedimgs.vivareal.com/fit-in/870x653/vr.images.sp/13fea2be4fad3ee7e00401ad0ccb0332.jpg; https://resizedimgs.vivareal.com/fit-in/870x653/vr.images.sp/d4059d3880178a77a697b7aef2ddd4e1.jpg,-3.10233,-59.954667,Manaus,500000,,Viva Real,,2/6/9/5/0/8/1,Venda ,No Distrito Industrial II Após a bola da Samsung,AM,http://www.vivareal.com.br/imovel/lote-terreno-distrito-industrial-ii-bairros-manaus-5000m2-venda-RS500000-id-2452438911/,"https://www.google.com/maps/search/?api=1&query=-3.10233,-59.954667",
,Acão Imobiliaria,,669,,Tarumã,,,,2443299686,,2020-03-26," Vendo O Condomínio Residencial Marina Rio Bello nasceu da mais perfeita combinação entre homem e natureza, através de um projeto urbanístico ousado. Localizado à s margens do Rio Negro, os moradores terão a alegria de poder desfrutar do convívio com a natureza, da paz e do conforto oferecido. O Marina Rio Bello foi consagrado um dos lugares mais bonitos, um verdadeiro presente para a sua família, dispõe de uma área de lazer ampla, unindo a arquitetura moderna à natureza. Lote de 669m². Condomínio com total infraestrutura de lazer e segurança. Valor: R$ 350 mil à vista ou financiamento bancário pelo Bradesco. ou financiamento direto com a construtora com entrada + 36x . mais informações: 9 9 4 5 6 - 6 6 9 0 ",,,https://resizedimgs.vivareal.com/fit-in/870x653/vr.images.sp/72db937cc4b5c8dce20c381c94cc631a.jpg; https://resizedimgs.vivareal.com/fit-in/870x653/vr.images.sp/8eab9a06fbdf19eb5163754acee8463f.jpg,-3.021623,-60.057572,Manaus,350000,1,Viva Real,,7/2/9/5/3/4/1,Venda ,Residencial Marina Rio Bello Lote em COndomínio Fechado 669m²,AM,http://www.vivareal.com.br/imovel/lote-terreno-1-quartos-taruma-bairros-manaus-669m2-venda-RS350000-id-2443299686/,"https://www.google.com/maps/search/?api=1&query=-3.021623,-60.057572",
,URBANA IMOBILIÁRIA,,754,,Petrópolis,,,,2460193334,,2020-03-26," TERRENO para Venda, Bairro PETRÓPOLIS Terreno devidamente registra. Área 754,80 m².  Fácil acesso e boa localização.  Terreno para deposito e pequenos galpões. Também para distribuidoras e construções de apartamentos.  Marque uma visita. Analisamos propostas!  ",,,https://resizedimgs.vivareal.com/fit-in/870x653/vr.images.sp/5d08d22fa5c9951b005810802980f461.jpg; https://resizedimgs.vivareal.com/fit-in/870x653/vr.images.sp/02f4fd5e3467317816cd2760278abe18.jpg,-3.110275,-59.996647,Manaus,300000,,Viva Real,,2/9/5/3/8/4/1,Terreno a venda,"Terreno a venda com área 754,80 m², Bairro Petrópolis, Manaus / AM.",AM,http://www.vivareal.com.br/imovel/lote-terreno-petropolis-bairros-manaus-754m2-venda-RS300000-id-2460193334/,"https://www.google.com/maps/search/?api=1&query=-3.110275,-59.996647",
,GAVEA ADMINISTRADORA DE IMOVEIS - MANAUS,,400,,Ponta Negra,,,,2479230110,,2020-03-26," Terreno plano documentado no ita puranga ponta negra , esse condomínio fica em frente ao tropical hotel , medindo 20x40 total 800 m2 terreno plano ao lado da guarita do condomínio clube de campo T LoureiroAceito parte de pagto em carro e ou apto.Valor 400 mil.- Área total: 800,00m², agende sua visita com nosso assessor. 26/03 ",,,https://resizedimgs.vivareal.com/fit-in/870x653/vr.images.sp/8e08307d316818d224c3440e2357a231.jpg,-3.051423,-60.078308,Manaus,400000,,Viva Real,,2/5/9/0/4,Venda ,MANAUS - Terreno Padrão - PONTA NEGRA,AM,http://www.vivareal.com.br/imovel/lote-terreno-ponta-negra-bairros-manaus-400m2-venda-RS400000-id-2479230110/,"https://www.google.com/maps/search/?api=1&query=-3.051423,-60.078308",
,URBANA IMOBILIÁRIA,,447,,Parque Dez de Novembro,,,,2473916274,,2020-03-26," Casa à venda com 2 suítes amplas (Residencial / Comercial) - localização privilegiada do Parque 10 em Manaus-AM No valor de R$ 900.000 Analisamos propostas. Imóvel com 197m² de Área Construída e 447m² de área de terreno.  Tipologia do Imóvel:  - Sala de Estar/Jantar (2,56x6,16)  - Cozinha (2,43x6,49)  - 01 Suíte Master com Closet, medindo 3,37x5,55, banheiro com um ótimo acabamento;  - 01 Suíte com Guarda-roupa, medindo 4,19x4,71, tendo banheiro medindo 3,51x1,54  - Área de Serviço  - Vaga de Estacionamento Coberto que comporta até 04 veículos  - Portão Eletrônico O imóvel acompanhará Modulados e Splits para trazer a você e a sua família todo conforto e comodidade. Teremos também um sistema de segurança eletrônico montado para sua segurança e o monitoramento 24 horas. Informações e Vendas: Carlos Moraes Consultor Imobiliário Seu sonho levado a sério!!! IMPORTANTE: *A empresa reserva o direto de alterar a tabela de preços sem aviso prévio. Sujeito a disponibilidade e alterações. OUTROS IMÓVEIS DO NOSSO PORTFÓLIO: -Casa no Parque 10 -Casa para financiar -imóvel para moradia e comercio -casa com terreno grande -oportunidade de negocio -casa em bairro -casa para morar -bairro parque 10 -casa em via principal -casa de fácil acesso  ",,,https://resizedimgs.vivareal.com/fit-in/870x653/vr.images.sp/e879880cb3eef9b0aa84529d675f0c6f.jpg; https://resizedimgs.vivareal.com/fit-in/870x653/vr.images.sp/06cfc5f81ef3040841ffdadf264fec50.jpg,-3.085254,-60.01527,Manaus,900000,,Viva Real,2,2/9/5/3/8/4/1,Terreno,terreno com 447 m² à venda em via principal do parque 10- Manaus-AM,AM,http://www.vivareal.com.br/imovel/lote-terreno-parque-dez-de-novembro-bairros-manaus-447m2-venda-RS900000-id-2473916274/,"https://www.google.com/maps/search/?api=1&query=-3.085254,-60.01527",
,Paulo Neves,,0,,Puraquequara,,,,2479141989,,2020-03-26," terreno excelente pra porto no rio Amazonas, parte funda, ao lado da Amazon aço ","Avenida Puraquequara, 5330",,https://resizedimgs.vivareal.com/fit-in/870x653/vr.images.sp/13be2c1e9eaed7615569a6aea8504106.jpg; https://resizedimgs.vivareal.com/fit-in/870x653/vr.images.sp/a49f00f564c5ff1111ef9689430cdf13.jpg,-3.060082,-59.882361,Manaus,25000000,,Viva Real,,2/6/9/3/0/8/1,Venda ,terreno pra porto,AM,http://www.vivareal.com.br/imovel/lote-terreno-manaus-venda-RS25000000-id-2479141989/,"https://www.google.com/maps/search/?api=1&query=-3.060082,-59.882361",
,Manaus Administradora de Imóveis,,415,,Parque 10 de Novembro,,,,2466661512,,2020-03-26," *TELEFONE PARA CONTATO - (Whatsapp) *DESCRIÇÃO - Terreno - Área do terreno: 414,11 m² *ENDEREÇO E REFERÊNCIA - O edifício fica na esquina da Rua 24 de Maio com a avenida Eduardo Ribeiro. *VALOR - Venda: R$ 270.000,00 (Duzentos e Setenta Mil Reais) - Aceita financiamento. Atendimento em horários comerciais. Segunda a Sexta-Feira de 09:00 h as 17:00 h. Horário para visita de imóveis. (Hora Marcada) Segunda a Sexta-Feira de 09:00 h as 16:00 h. Grato! ","Rua Monte Fuji, 2",,https://resizedimgs.vivareal.com/fit-in/870x653/vr.images.sp/10b3d93096d82b7019a0c96cc424cf6d.jpg; https://resizedimgs.vivareal.com/fit-in/870x653/vr.images.sp/a99841447accbc01fe9835753dc07d12.jpg,-3.076923,-59.996121,Manaus,270000,,Viva Real,,7/2/9/3/0/4/1,Venda ,"Parque Dez - Rua Monte Fuji, Nº 02, Quadra A, Lote Novo Mundo.",AM,http://www.vivareal.com.br/imovel/lote-terreno-parque-dez-de-novembro-bairros-manaus-415m2-venda-RS270000-id-2466661512/,"https://www.google.com/maps/search/?api=1&query=-3.076923,-59.996121",
